<?xml version="1.0" encoding="utf-8" standalone="yes" ?>
<rss version="2.0" xmlns:atom="http://www.w3.org/2005/Atom">
  <channel>
    <title>Home on Chris Leeds</title>
    <link>http://christopherleeds.com/</link>
    <description>Recent content in Home on Chris Leeds</description>
    <generator>Hugo -- gohugo.io</generator>
    <language>en-us</language>
    <lastBuildDate>Tue, 27 Jun 2017 20:31:23 -0500</lastBuildDate>
    
	<atom:link href="http://christopherleeds.com/index.xml" rel="self" type="application/rss+xml" />
    
    
    <item>
      <title>My Resume</title>
      <link>http://christopherleeds.com/aboutme/resume/</link>
      <pubDate>Wed, 28 Jun 2017 22:37:41 -0500</pubDate>
      
      <guid>http://christopherleeds.com/aboutme/resume/</guid>
      <description></description>
    </item>
    
    <item>
      <title>logo</title>
      <link>http://christopherleeds.com/_header/</link>
      <pubDate>Wed, 28 Jun 2017 22:01:42 -0500</pubDate>
      
      <guid>http://christopherleeds.com/_header/</guid>
      <description>Christopher Leeds</description>
    </item>
    
  </channel>
</rss>